{"cameraMode":{"drawMode":0,"name":"Shaded","section":"Shading Mode"},"sceneLighting":true,"audioPlay":false,"sceneViewState":{"m_AlwaysRefresh":false,"showFog":true,"showSkybox":true,"showFlares":true,"showImageEffects":true,"showParticleSystems":true,"showVisualEffectGraphs":true,"m_FxEnabled":true},"in2DMode":false,"pivot":{"x":5.486083507537842,"y":1.1542646884918213,"z":1.954610824584961},"rotation":{"x":-0.011155935004353524,"y":0.8516398668289185,"z":-0.018156660720705987,"w":-0.5237671732902527},"size":3.1267921924591066,"orthographic":false}