{"cameraMode":{"drawMode":0,"name":"Shaded","section":"Shading Mode"},"sceneLighting":true,"audioPlay":false,"sceneViewState":{"m_AlwaysRefresh":false,"showFog":true,"showSkybox":false,"showFlares":true,"showImageEffects":true,"showParticleSystems":true,"showVisualEffectGraphs":true,"m_FxEnabled":true},"in2DMode":false,"pivot":{"x":-2.8201217651367189,"y":8.084465980529786,"z":2.9034862518310549},"rotation":{"x":-0.017275173217058183,"y":0.8967801928520203,"z":-0.035302892327308658,"w":-0.44083553552627566},"size":8.767523765563965,"orthographic":false}