{"cameraMode":{"drawMode":0,"name":"Shaded","section":"Shading Mode"},"sceneLighting":false,"audioPlay":false,"sceneViewState":{"m_AlwaysRefresh":false,"showFog":true,"showSkybox":false,"showFlares":true,"showImageEffects":true,"showParticleSystems":true,"showVisualEffectGraphs":true,"m_FxEnabled":true},"in2DMode":false,"pivot":{"x":-0.019508272409439088,"y":0.016800247132778169,"z":-0.04469716548919678},"rotation":{"x":-0.032821670174598697,"y":0.9657376408576965,"z":-0.15369880199432374,"w":-0.20674438774585725},"size":0.2273741215467453,"orthographic":false}