{"cameraMode":{"drawMode":0,"name":"Shaded","section":"Shading Mode"},"sceneLighting":true,"audioPlay":false,"sceneViewState":{"m_AlwaysRefresh":false,"showFog":true,"showSkybox":false,"showFlares":true,"showImageEffects":true,"showParticleSystems":true,"showVisualEffectGraphs":true,"m_FxEnabled":true},"in2DMode":false,"pivot":{"x":-2.5800819396972658,"y":8.385571479797364,"z":3.00976300239563},"rotation":{"x":-0.017275173217058183,"y":0.8967801928520203,"z":-0.035302892327308658,"w":-0.44083553552627566},"size":9.021596908569336,"orthographic":false}